https://www.avito.ru/krasnodar/tovary_dlya_kompyutera/avermedia_gamer_portable_lite_1851262361;avermedia gamer portable lite;5500;;;;;;;;;;;;;;;;;;;;
https://www.avito.ru/krasnodar/tovary_dlya_kompyutera/karta_zahvata_video_blackmagic_design_decklink_hd_954345156;карта захвата видео blackmagic design decklink hd;5000;radeon hd 7660g n hd 7660g hd 7700m n hd 7700m d;967;radeon hd 7640g n hd 7640g hd 7600m n hd 7600m d;824;radeon hd 7660g n hd 7660g hd 7600m n hd 7600m d;723;radeon hd 8650g n hd 8650g hd 8600m n hd 8600m d;680;;;;;;;;;;;;
https://www.avito.ru/krasnodar/tovary_dlya_kompyutera/kontrolnaya_plata_antminer_s9_i_j_1236874770;контрольная плата antminer s9 i j;5000;;;;;;;;;;;;;;;;;;;;
https://www.avito.ru/krasnodar/tovary_dlya_kompyutera/karta_video_zahvata_avermedia_livegamer_portable_1119494212;карта видео захвата avermedia livegamer portable;4500;;;;;;;;;;;;;;;;;;;;
https://www.avito.ru/krasnodar/tovary_dlya_kompyutera/sistema_vodyanogo_ohlazhdenie_df_tracer_dt240_novoe_1429138052;система водяного охлаждение df tracеr dt240 новое;4400;radeon r7 240;976;geforce gts 240;818;radeon r5 240;650;geforce gt 240;649;;;;;;;;;;;;
https://www.avito.ru/krasnodar/tovary_dlya_kompyutera/videokarta_agp_512mb_n6800td_asus_1651466916;видеокарта agp 512mb n6800 td asus;4090;asus eah4870x2;496;geforce 6800;113;;;;;;;;;;;;;;;;
https://www.avito.ru/krasnodar/tovary_dlya_kompyutera/videokarta_amd_radeon_7800_hd_2400mb_1821388227;видеокарта amd radeon 7800 hd 2400mb;4000;radeon hd 2400 pro;114;mobility radeon hd 2400;90;radeon hd 2400 pci;14;;;;;;;;;;;;;;
https://www.avito.ru/krasnodar/tovary_dlya_kompyutera/videokarty_v_assortimente_1654312517;видеокарты в ассортименте;4000;;;;;;;;;;;;;;;;;;;;
https://www.avito.ru/krasnodar/tovary_dlya_kompyutera/komplektuyuschie_dlya_kompyutera_1225041948;комплектующие для компьютера;4000;;;;;;;;;;;;;;;;;;;;
https://www.avito.ru/krasnodar/tovary_dlya_kompyutera/videokarta_pci-e_512mb_ati_radeon_x1900_xt_asus_1801899699;видеокарта pci e 512mb ati radeon x1900 xt asus;3820;radeon x1900 gt;146;mobility radeon x1900;135;;;;;;;;;;;;;;;;
https://www.avito.ru/krasnodar/tovary_dlya_kompyutera/mxm_iii_mxm_3.0_mxm3_videokarta_6_shtuk_raznye_1273392718;mxm iii mxm 3 0 mxm3 видеокарта 6 штук разные;3500;;;;;;;;;;;;;;;;;;;;
https://www.avito.ru/krasnodar/tovary_dlya_kompyutera/radeon_r9_270_2gb_256bit_moschnaya_videokarta_1801552604;radeon r9 270 2gb 256bit мощная видеокарта;3500;radeon r9 270x;4697;radeon r9 m270x;1445;;;;;;;;;;;;;;;;
https://www.avito.ru/krasnodar/tovary_dlya_kompyutera/plata_videomontazha_matrox_rt_x2_bu_1843500092;плата видеомонтажа matrox rt x2 б у;3500;matrox g200ew;42;matrox g200eh;41;matrox g200er;37;;;;;;;;;;;;;;
https://www.avito.ru/krasnodar/tovary_dlya_kompyutera/gtx1030_2gb_1846259166;gtx1030 2gb;3490;geforce gtx 1060 3gb;8991;geforce gtx 1060 5gb;6427;;;;;;;;;;;;;;;;
https://www.avito.ru/krasnodar/tovary_dlya_kompyutera/videokarta_agp_1gb_ati_radeon_hd4650_gigabyte_1832982816;видеокарта agp 1gb ati radeon hd4650 gigabyte;3330;radeon hd 4650;334;radeon hd 4650 agp;208;;;;;;;;;;;;;;;;
https://www.avito.ru/krasnodar/tovary_dlya_kompyutera/videokarta_agp_1gb_ati_radeon_hd4650_gigabyte_gv-r_1546930013;видеокарта agp 1gb ati radeon hd4650 gigabyte gv r;3330;radeon hd 4650;334;radeon hd 4650 agp;208;;;;;;;;;;;;;;;;
https://www.avito.ru/krasnodar/tovary_dlya_kompyutera/videokarta_agp_1gb_ati_radeon_hd4650_his_1833395737;видеокарта agp 1gb ati radeon hd4650 his;3170;radeon hd 4650;334;radeon hd 4650 agp;208;;;;;;;;;;;;;;;;
https://www.avito.ru/krasnodar/tovary_dlya_kompyutera/videokarta_agp_1gb_ati_radeon_hd4650_asus_1833513885;видеокарта agp 1gb ati radeon hd4650 asus;3130;radeon hd 4650;334;radeon hd 4650 agp;208;;;;;;;;;;;;;;;;
https://www.avito.ru/krasnodar/tovary_dlya_kompyutera/videokarta_agp_1gb_ati_radeon_hd4650_vtx3d_1833066191;видеокарта agp 1gb ati radeon hd4650 vtx3d;3110;radeon hd 4650;334;radeon hd 4650 agp;208;;;;;;;;;;;;;;;;
https://www.avito.ru/krasnodar/tovary_dlya_kompyutera/videokarta_agp_1gb_ati_radeon_hd4650_powercolor_1484493663;видеокарта agp 1gb ati radeon hd4650 powercolor;3090;radeon hd 4650;334;radeon hd 4650 agp;208;;;;;;;;;;;;;;;;
https://www.avito.ru/krasnodar/tovary_dlya_kompyutera/videokarta_agp_1gb_ati_radeon_hd4650_powercolor_1833458651;видеокарта agp 1gb ati radeon hd4650 powercolor;3080;radeon hd 4650;334;radeon hd 4650 agp;208;;;;;;;;;;;;;;;;
https://www.avito.ru/krasnodar/tovary_dlya_kompyutera/videokarta_gigabyte_gv-n56goc-1gi_rev_1.0_593055282;видеокарта gigabyte gv n56goc 1gi rev 1 0;2900;gigabyte radeon 9600 pro;39;radeon rx vega 56;12039;radeon pro vega 56;11916;;;;;;;;;;;;;;
https://www.avito.ru/krasnodar/tovary_dlya_kompyutera/videokarta_apple_630-9368_1640042811;видеокарта apple 630 9368;2600;intel uhd 630;1358;intel hd 630;1140;geforce gt 630;747;;;;;;;;;;;;;;
https://www.avito.ru/krasnodar/tovary_dlya_kompyutera/sli_bridge_evga_1830880478;sli bridge evga;2500;nforce 760i sli;140;nforce 780a sli;92;nforce 750a sli;84;;;;;;;;;;;;;;
https://www.avito.ru/krasnodar/tovary_dlya_kompyutera/videokarty_1608427705;видеокарты;2500;;;;;;;;;;;;;;;;;;;;
https://www.avito.ru/krasnodar/tovary_dlya_kompyutera/dve_videokarty_za_odnu_stoimost_1062227797;две видеокарты за одну стоимость;2500;;;;;;;;;;;;;;;;;;;;
https://www.avito.ru/krasnodar/tovary_dlya_kompyutera/videokarta_agp_512mb_ati_radeon_x1650xt_iceq_1709840729;видеокарта agp 512mb ati radeon x1650xt iceq;2470;radeon x1650 pro;85;radeon x1650 gto;75;radeon x1650 se;71;;;;;;;;;;;;;;
https://www.avito.ru/krasnodar/tovary_dlya_kompyutera/videokarta_agp_512mb_ati_radeon_hd2600pro_his_1379015242;видеокарта agp 512mb ati radeon hd2600pro his;2190;radeon hd 2600 pro;211;radeon hd 2600 pro agp;110;;;;;;;;;;;;;;;;
https://www.avito.ru/krasnodar/tovary_dlya_kompyutera/videokarta_pci_8mb_matrox_924751414;видеокарта pci 8mb matrox;2190;matrox g200ew;42;matrox g200eh;41;matrox g200er;37;;;;;;;;;;;;;;
https://www.avito.ru/krasnodar/tovary_dlya_kompyutera/videokarta_pci-e_256mb_ati_radeon_hd3850_asus_1801130444;видеокарта pci e 256mb ati radeon hd3850 asus;2040;radeon hd 3850 x2;822;radeon hd 3850 agp;444;;;;;;;;;;;;;;;;
https://www.avito.ru/krasnodar/tovary_dlya_kompyutera/videokarta_pci-e_256mb_ati_radeon_hd3850_msi_1801389778;видеокарта pci e 256mb ati radeon hd3850 msi;2020;radeon hd 3850 x2;822;radeon hd 3850 agp;444;;;;;;;;;;;;;;;;
https://www.avito.ru/krasnodar/tovary_dlya_kompyutera/videokarta_pci-e_256mb_ati_radeon_hd3850_power_col_1801700307;видеокарта pci e 256mb ati radeon hd3850 power col;2010;radeon hd 3850 x2;822;radeon hd 3850 agp;444;;;;;;;;;;;;;;;;
https://www.avito.ru/krasnodar/tovary_dlya_kompyutera/nvidia_quadro_2000_1831662099;nvidia quadro 2000;2000;quadro 2000;1316;quadro 2000 d;1239;;;;;;;;;;;;;;;;
https://www.avito.ru/krasnodar/tovary_dlya_kompyutera/videkarta_operativka_po_2_gg_1802525180;видекарта, оперативка по 2 гг;2000;;;;;;;;;;;;;;;;;;;;
https://www.avito.ru/krasnodar/tovary_dlya_kompyutera/videokarta_amd_radeon_6930_1gb_1838038162;видеокарта amd radeon 6930 1gb;2000;radeon vega 9;1866;radeon vega 6;1546;radeon vega 3;1065;;;;;;;;;;;;;;
https://www.avito.ru/krasnodar/tovary_dlya_kompyutera/videokarta_msi_1839303396;видеокарта msi;2000;;;;;;;;;;;;;;;;;;;;
https://www.avito.ru/krasnodar/tovary_dlya_kompyutera/videokarta_nvidia_9600m_1804421597;видеокарта nvidia 9600m;2000;nvidia titan xp;14236;nvidia titan x;13651;geforce 9600 gt;729;geforce 9600 gso;516;geforce 9600 gs;445;geforce 9600m gt;259;geforce 9600m gs;232;radeon 9600 pro;43;radeon 9600 xt;35;radeon 9600 family;25
https://www.avito.ru/krasnodar/tovary_dlya_kompyutera/videokarta_agp_512mb_ati_radeon_hd2600pro_power_co_1303681937;видеокарта agp 512mb ati radeon hd2600pro power co;1990;radeon hd 2600 pro;211;radeon hd 2600 pro agp;110;;;;;;;;;;;;;;;;
https://www.avito.ru/krasnodar/tovary_dlya_kompyutera/videokarta_pci_4mb_matrox_millennium_1191383083;видеокарта pci 4mb matrox millennium;1990;matrox millennium p690 pcie x16;10;matrox millennium p650 pcie 128;5;;;;;;;;;;;;;;;;
https://www.avito.ru/krasnodar/tovary_dlya_kompyutera/videokarta_pci_4mb_matrox_millenium_1001155642;видеокарта pci 4mb matrox millenium;1890;matrox g200ew;42;matrox g200eh;41;matrox g200er;37;;;;;;;;;;;;;;
https://www.avito.ru/krasnodar/tovary_dlya_kompyutera/3dfx_velocity_1122397780;3dfx velocity;1800;;;;;;;;;;;;;;;;;;;;
https://www.avito.ru/krasnodar/tovary_dlya_kompyutera/videokarty_s_kosyakami_1845932514;видеокарты с косяками;1800;;;;;;;;;;;;;;;;;;;;
https://www.avito.ru/krasnodar/tovary_dlya_kompyutera/videokarta_pci_4mb_matrox_mystique_1607660955;видеокарта pci 4mb matrox mystique;1790;matrox g200ew;42;matrox g200eh;41;matrox g200er;37;;;;;;;;;;;;;;
https://www.avito.ru/krasnodar/tovary_dlya_kompyutera/videokarta_agp_512mb_fx6200_gigabyte_558868091;видеокарта agp 512mb fx6200 gigabyte;1590;geforce go 6600 te 6200 te;45;geforce 6200;44;geforce 6200 a le;32;;;;;;;;;;;;;;
https://www.avito.ru/krasnodar/tovary_dlya_kompyutera/videokarta_pci-e_512mb_ati_radeon_hd3650_sapphire_1218708465;видеокарта pci e 512mb ati radeon hd3650 sapphire;1510;mobility radeon hd 3650;210;radeon hd 3650 agp;150;;;;;;;;;;;;;;;;
https://www.avito.ru/krasnodar/tovary_dlya_kompyutera/quadro_2000_1gb_1847329230;quadro 2000 1gb;1500;quadro 2000;1316;quadro 2000 d;1239;;;;;;;;;;;;;;;;
https://www.avito.ru/krasnodar/tovary_dlya_kompyutera/sli_most_1810426150;sli мост;1500;nforce 760i sli;140;nforce 780a sli;92;nforce 750a sli;84;;;;;;;;;;;;;;
https://www.avito.ru/krasnodar/tovary_dlya_kompyutera/videokarta_ge_force_730_1830609342;видеокарта ge force 730;1500;geforce 9300 ge;101;geforce 9200m ge;81;geforce gt 730;923;;;;;;;;;;;;;;
https://www.avito.ru/krasnodar/tovary_dlya_kompyutera/videokarta_gigabyte_gv-n4600c2-1gi_1775967828;видеокарта gigabyte gv n4600c2 1gi;1500;intel hd 4600;715;quadro fx 4600;600;geforce4 ti 4600;6;;;;;;;;;;;;;;
https://www.avito.ru/krasnodar/tovary_dlya_kompyutera/videokarta_gtx630_2gb_1814737946;видеокарта gtx630 2gb;1500;geforce gtx 1060 3gb;8991;geforce gtx 1060 5gb;6427;;;;;;;;;;;;;;;;
https://www.avito.ru/krasnodar/tovary_dlya_kompyutera/zapchasti_pk_1770394755;запчасти пк;1500;;;;;;;;;;;;;;;;;;;;
https://www.avito.ru/krasnodar/tovary_dlya_kompyutera/videokarta_pci-e_128mb_ati_radeon_x800_msi_1801033631;видеокарта pci e 128mb ati radeon x800 msi;1450;radeon x800 xt;98;radeon x800 gt;84;radeon x800 xl;69;;;;;;;;;;;;;;
https://www.avito.ru/krasnodar/tovary_dlya_kompyutera/pci-e_pci_express_card_dlya_noutbuka_1646955344;pci e pci express card для ноутбука;1400;quadro fx 500 600 pci;14;quadro nvs 55 280 pci;6;;;;;;;;;;;;;;;;
https://www.avito.ru/krasnodar/tovary_dlya_kompyutera/videokarta_agp_512mb_fx6200_evga_1255463457;видеокарта agp 512mb fx6200 evga;1290;geforce 6200;44;geforce 6200 a le;32;;;;;;;;;;;;;;;;
https://www.avito.ru/krasnodar/tovary_dlya_kompyutera/videokarta_pci-e_ati_radeon_hd3850_512mb_asus_1826176337;видеокарта pci e ati radeon hd3850 512mb asus;1290;radeon hd 3850 x2;822;radeon hd 3850 agp;444;;;;;;;;;;;;;;;;
https://www.avito.ru/krasnodar/tovary_dlya_kompyutera/videokarta_agp_256mb_ati_radeon_9600pro_gigabyte_1377852223;видеокарта agp 256mb ati radeon 9600pro gigabyte;1190;radeon 9600 pro;43;gigabyte radeon 9600 pro;39;;;;;;;;;;;;;;;;
https://www.avito.ru/krasnodar/tovary_dlya_kompyutera/videokarta_pci-e_256mb_geforce_fx6600_ecs_1833153064;видеокарта pci e 256mb geforce fx6600 ecs;1160;geforce 6600;63;geforce 256;5;;;;;;;;;;;;;;;;
https://www.avito.ru/krasnodar/tovary_dlya_kompyutera/videokarta_pci-e_256mb_geforce_fx6600_ecs_1833843111;видеокарта pci e 256mb geforce fx6600 ecs;1150;geforce 6600;63;geforce 256;5;;;;;;;;;;;;;;;;
https://www.avito.ru/krasnodar/tovary_dlya_kompyutera/videokarta_pci-e_256mb_geforce_fx6600_asus_1801899063;видеокарта pci e 256mb geforce fx6600 asus;1140;geforce 6600;63;geforce 256;5;;;;;;;;;;;;;;;;
https://www.avito.ru/krasnodar/tovary_dlya_kompyutera/videokarta_pci-e_256mb_geforce_fx6600_ecs_1833535672;видеокарта pci e 256mb geforce fx6600 ecs;1140;geforce 6600;63;geforce 256;5;;;;;;;;;;;;;;;;
https://www.avito.ru/krasnodar/tovary_dlya_kompyutera/videokarta_pci-e_256mb_geforce_fx6600_sparkle_1801260848;видеокарта pci e 256mb geforce fx6600 sparkle;1140;geforce 6600;63;geforce 256;5;;;;;;;;;;;;;;;;
https://www.avito.ru/krasnodar/tovary_dlya_kompyutera/videokarta_pci-e_256mb_geforce_fx6600_albatron_1801846554;видеокарта pci e 256mb geforce fx6600 albatron;1130;geforce 6600;63;geforce 256;5;;;;;;;;;;;;;;;;
https://www.avito.ru/krasnodar/tovary_dlya_kompyutera/videokarta_pci-e_256mb_geforce_fx6600v_palit_1473703117;видеокарта pci e 256mb geforce fx6600v palit;1120;geforce 6600;63;geforce 256;5;;;;;;;;;;;;;;;;
https://www.avito.ru/krasnodar/tovary_dlya_kompyutera/videozahvat_4_kanala_1774913733;видеозахват 4 канала;1100;;;;;;;;;;;;;;;;;;;;
https://www.avito.ru/krasnodar/tovary_dlya_kompyutera/igrovye_videokarty_bolshoy_vybor_1769215397;игровые видеокарты большой выбор;1100;;;;;;;;;;;;;;;;;;;;
https://www.avito.ru/krasnodar/tovary_dlya_kompyutera/prodam_videokartu_gtx560_gts250400_1443599547;продам видеокарту gtx560, gts250(400);1100;geforce gtx 560;3118;geforce gts 250;876;;;;;;;;;;;;;;;;
https://www.avito.ru/krasnodar/tovary_dlya_kompyutera/videokarta_pci-e_256mb_ati_radeon_x1300pro_gigabyt_1801221553;видеокарта pci e 256mb ati radeon x1300pro gigabyt;1090;radeon x600 256mb hypermemory;57;radeon x1600 pro x1300xt;69;;;;;;;;;;;;;;;;
https://www.avito.ru/krasnodar/tovary_dlya_kompyutera/videokarta_pci-e_256mb_ati_radeon_x1300pro_asus_1383506950;видеокарта pci e 256mb ati radeon x1300pro asus;1080;radeon x600 256mb hypermemory;57;radeon x1600 pro x1300xt;69;;;;;;;;;;;;;;;;
https://www.avito.ru/krasnodar/tovary_dlya_kompyutera/videokarta_pci-e_128mb_geforce_fx7200gs_asus_1833471675;видеокарта pci e 128mb geforce fx7200gs asus;1070;geforce fx go5700;51;geforce fx 5900xt;40;geforce fx 5900;35;geforce fx 5700ve;33;geforce fx 5700le;25;geforce fx go5650;17;geforce fx 5600;13;geforce fx 5600xt;9;geforce fx 5500;8;geforce fx 5200le;7
https://www.avito.ru/krasnodar/tovary_dlya_kompyutera/videokarta_pci-e_128mb_geforce_fx6200tc_ecs_1833522739;видеокарта pci e 128mb geforce fx6200tc ecs;1010;geforce fx go5700;51;geforce fx 5900xt;40;geforce fx 5900;35;geforce fx 5700ve;33;geforce fx 5700le;25;geforce fx go5650;17;geforce fx 5600;13;geforce fx 5600xt;9;geforce fx 5500;8;geforce fx 5200le;7
https://www.avito.ru/krasnodar/tovary_dlya_kompyutera/gtx_250_1_gb_256bit_1849640781;gtx 250 1 gb 256bit;1000;geforce gtx 1060 3gb;8991;geforce gtx 1060 5gb;6427;;;;;;;;;;;;;;;;
https://www.avito.ru/krasnodar/tovary_dlya_kompyutera/videokarta_pci-e_nvidia_nxg210_512md2-b_geforce_1846153770;видеокарта pci e nvidia nxg210 512md2 b geforce;1000;geforce 210;171;geforce g210;169;;;;;;;;;;;;;;;;
https://www.avito.ru/krasnodar/tovary_dlya_kompyutera/videokarta_radeon_hd_3650_512mb_02153n890003_1851109612;видеокарта radeon hd 3650 512mb 02153n890003;1000;mobility radeon hd 3650;210;radeon hd 3650 agp;150;;;;;;;;;;;;;;;;
https://www.avito.ru/krasnodar/tovary_dlya_kompyutera/videokarta_radeon_hd_3650_512mb_3n39dn5_1851043092;видеокарта radeon hd 3650 512mb 3n39dn5;1000;mobility radeon hd 3650;210;radeon hd 3650 agp;150;;;;;;;;;;;;;;;;
https://www.avito.ru/krasnodar/tovary_dlya_kompyutera/videokarta_radeon_hd_3650_512mb_donee9d_1851094189;видеокарта radeon hd 3650 512mb donee9d;1000;mobility radeon hd 3650;210;radeon hd 3650 agp;150;;;;;;;;;;;;;;;;
https://www.avito.ru/krasnodar/tovary_dlya_kompyutera/videokarta_na_zapchasti_1844229458;видеокарта на запчасти;1000;;;;;;;;;;;;;;;;;;;;
https://www.avito.ru/krasnodar/tovary_dlya_kompyutera/videokarty_1819117286;видеокарты;1000;;;;;;;;;;;;;;;;;;;;
https://www.avito.ru/krasnodar/tovary_dlya_kompyutera/derevyannyy_karkas_dlya_mayning_fermy_1280006311;деревянный каркас для майнинг фермы;1000;;;;;;;;;;;;;;;;;;;;
https://www.avito.ru/krasnodar/tovary_dlya_kompyutera/neispravnaya_asus_radeon_r9_280x_top_1674734852;неисправная asus radeon r9 280x top;1000;radeon r9 280x;5855;radeon r9 280;5382;;;;;;;;;;;;;;;;
https://www.avito.ru/krasnodar/tovary_dlya_kompyutera/ofisnye_videokarty_1gb_v_ideale_1833548660;офисные видеокарты 1gb в идеале;1000;quadro m6000 24gb;10068;geforce gtx 1060 3gb;8991;tesla p100 pcie 16gb;7225;geforce gtx 1060 5gb;6427;;;;;;;;;;;;
https://avito.ru/krasnodar/tovary_dlya_kompyutera/shleyf_matritsy_dlya_noutbuka_lenovo_b570e_567571166;шлейф матрицы для ноутбука lenovo b570e;1000;radeon rx 570;6897;radeon pro 570;6337;geforce gtx 570;4418;quadro fx 570;116;;;;;;;;;;;;
https://www.avito.ru/krasnodar/tovary_dlya_kompyutera/videokarta_1817413552;;;;;;;;;;;;;;;;;;;;;;
https://www.avito.ru/krasnodar/tovary_dlya_kompyutera/videokarta_1282209187;;;;;;;;;;;;;;;;;;;;;;
https://www.avito.ru/krasnodar/tovary_dlya_kompyutera/videokarta_1853437767;;;;;;;;;;;;;;;;;;;;;;
https://www.avito.ru/krasnodar/tovary_dlya_kompyutera/videokarta_1797832582;;;;;;;;;;;;;;;;;;;;;;
https://www.avito.ru/krasnodar/tovary_dlya_kompyutera/videokarta_1282209187;;;;;;;;;;;;;;;;;;;;;;
https://www.avito.ru/krasnodar/tovary_dlya_kompyutera/videokarta_1339682226;;;;;;;;;;;;;;;;;;;;;;
https://www.avito.ru/krasnodar/tovary_dlya_kompyutera/videokarta_1186509343;;;;;;;;;;;;;;;;;;;;;;
https://www.avito.ru/krasnodar/tovary_dlya_kompyutera/gigabyte_r9_290x_4gb_1837803996;;;;;;;;;;;;;;;;;;;;;;
https://www.avito.ru/krasnodar/tovary_dlya_kompyutera/r9_290x_4gb_gigabyteasus_strix_rx470_4gb_1784647620;;;;;;;;;;;;;;;;;;;;;;
https://www.avito.ru/krasnodar/tovary_dlya_kompyutera/videokarta_4gb_1772726710;;;;;;;;;;;;;;;;;;;;;;
https://www.avito.ru/krasnodar/tovary_dlya_kompyutera/videokarta_996012181;;;;;;;;;;;;;;;;;;;;;;
https://www.avito.ru/krasnodar/tovary_dlya_kompyutera/videokarta_1849406887;;;;;;;;;;;;;;;;;;;;;;
https://www.avito.ru/krasnodar/tovary_dlya_kompyutera/videokarta_1820296929;;;;;;;;;;;;;;;;;;;;;;
https://www.avito.ru/krasnodar/tovary_dlya_kompyutera/videokarta_1836988185;;;;;;;;;;;;;;;;;;;;;;
https://www.avito.ru/krasnodar/tovary_dlya_kompyutera/videokarta_1829599033;;;;;;;;;;;;;;;;;;;;;;
https://www.avito.ru/krasnodar/tovary_dlya_kompyutera/videokarta_1823742670;;;;;;;;;;;;;;;;;;;;;;
https://www.avito.ru/krasnodar/tovary_dlya_kompyutera/videokarta_1836565305;;;;;;;;;;;;;;;;;;;;;;
https://www.avito.ru/krasnodar/tovary_dlya_kompyutera/videokarta_1843229337;;;;;;;;;;;;;;;;;;;;;;
https://www.avito.ru/krasnodar/tovary_dlya_kompyutera/videokarta_1844831885;;;;;;;;;;;;;;;;;;;;;;
https://www.avito.ru/krasnodar/tovary_dlya_kompyutera/videokarta_1837194411;;;;;;;;;;;;;;;;;;;;;;
https://www.avito.ru/krasnodar/tovary_dlya_kompyutera/videokarta_1843465406;;;;;;;;;;;;;;;;;;;;;;
https://www.avito.ru/krasnodar/tovary_dlya_kompyutera/videokarta_1053060362;;;;;;;;;;;;;;;;;;;;;;
https://www.avito.ru/krasnodar/tovary_dlya_kompyutera/videokarta_1844502074;;;;;;;;;;;;;;;;;;;;;;
https://www.avito.ru/krasnodar/tovary_dlya_kompyutera/videokarta_1844640700;;;;;;;;;;;;;;;;;;;;;;
https://www.avito.ru/krasnodar/tovary_dlya_kompyutera/videokarta_1758694671;;;;;;;;;;;;;;;;;;;;;;
https://www.avito.ru/krasnodar/tovary_dlya_kompyutera/videokarta_1842523804;;;;;;;;;;;;;;;;;;;;;;
https://www.avito.ru/krasnodar/tovary_dlya_kompyutera/videokarta_1825971685;;;;;;;;;;;;;;;;;;;;;;
https://www.avito.ru/krasnodar/tovary_dlya_kompyutera/videokarta_1838504007;;;;;;;;;;;;;;;;;;;;;;
https://www.avito.ru/krasnodar/tovary_dlya_kompyutera/videokarta_1835163773;;;;;;;;;;;;;;;;;;;;;;
https://www.avito.ru/krasnodar/tovary_dlya_kompyutera/sapphire_radeon_r9_270_1431930059;;;;;;;;;;;;;;;;;;;;;;
https://www.avito.ru/krasnodar/tovary_dlya_kompyutera/videokarta_1833103064;;;;;;;;;;;;;;;;;;;;;;
https://www.avito.ru/krasnodar/tovary_dlya_kompyutera/videokarta_1043803495;;;;;;;;;;;;;;;;;;;;;;
https://www.avito.ru/krasnodar/tovary_dlya_kompyutera/videokarta_1489392189;;;;;;;;;;;;;;;;;;;;;;
https://www.avito.ru/krasnodar/tovary_dlya_kompyutera/videokarta_pci-e_1gb_ati_radeon_r7_250x_msi_1327494004;;;;;;;;;;;;;;;;;;;;;;
https://www.avito.ru/krasnodar/tovary_dlya_kompyutera/videokarta_943522358;;;;;;;;;;;;;;;;;;;;;;
https://www.avito.ru/krasnodar/tovary_dlya_kompyutera/videokarta_r9_280x_1847506287;;;;;;;;;;;;;;;;;;;;;;
https://www.avito.ru/krasnodar/tovary_dlya_kompyutera/videokarta_1822767340;;;;;;;;;;;;;;;;;;;;;;
https://www.avito.ru/krasnodar/tovary_dlya_kompyutera/videokarta_1853525546;;;;;;;;;;;;;;;;;;;;;;
https://www.avito.ru/krasnodar/tovary_dlya_kompyutera/videokarta_1844041572;;;;;;;;;;;;;;;;;;;;;;
https://www.avito.ru/krasnodar/tovary_dlya_kompyutera/nvidia_quadro_k2200_4gb_1846978866;;;;;;;;;;;;;;;;;;;;;;
https://www.avito.ru/krasnodar/tovary_dlya_kompyutera/videokarta_1696005980;;;;;;;;;;;;;;;;;;;;;;
https://www.avito.ru/krasnodar/tovary_dlya_kompyutera/videokarta_1282248227;;;;;;;;;;;;;;;;;;;;;;
https://www.avito.ru/krasnodar/tovary_dlya_kompyutera/videokarta_1853437760;;;;;;;;;;;;;;;;;;;;;;
https://www.avito.ru/krasnodar/tovary_dlya_kompyutera/videokarta_1827171179;;;;;;;;;;;;;;;;;;;;;;
https://www.avito.ru/krasnodar/tovary_dlya_kompyutera/shleyf_matritsy_dlya_noutbuka_lenovo_b570e_567571166;;;;;;;;;;;;;;;;;;;;;;
https://www.avito.ru/krasnodar/tovary_dlya_kompyutera/videokarta_radeon_sapphire_r9_290_tri-x_oc_4gb_1831139616;;;;;;;;;;;;;;;;;;;;;;
https://www.avito.ru/krasnodar/tovary_dlya_kompyutera/msi_radeon_r9_280x_gaming_3gb384-bit_novaya_1269116110;;;;;;;;;;;;;;;;;;;;;;
https://www.avito.ru/krasnodar/tovary_dlya_kompyutera/videokarta_4.0gb_powercolor_r9_290x_v_rassrochku_1801510724;;;;;;;;;;;;;;;;;;;;;;
https://www.avito.ru/krasnodar/tovary_dlya_kompyutera/msi_radeon_r9_280x_gaming_3gb384-bit_novaya_1845266184;;;;;;;;;;;;;;;;;;;;;;
https://www.avito.ru/krasnodar/tovary_dlya_kompyutera/prodayu_videokartu_1844567870;;;;;;;;;;;;;;;;;;;;;;
https://www.avito.ru/krasnodar/tovary_dlya_kompyutera/videokarta_pci-e_128mb_geforce_fx7200gs_asus_en720_1304645607;;;;;;;;;;;;;;;;;;;;;;
https://www.avito.ru/krasnodar/tovary_dlya_kompyutera/videokarta_pci-e_512mb_ati_radeon_hd3850_palit_1801544584;;;;;;;;;;;;;;;;;;;;;;
https://www.avito.ru/krasnodar/tovary_dlya_kompyutera/videokarta_pci-e_512mb_ati_radeon_hd3850_asus_1801809389;;;;;;;;;;;;;;;;;;;;;;
https://www.avito.ru/krasnodar/tovary_dlya_kompyutera/videokarta_pci-e_512mb_ati_radeon_x1900_xt_asus_1801396898;;;;;;;;;;;;;;;;;;;;;;
https://www.avito.ru/krasnodar/tovary_dlya_kompyutera/videokarta_pci-e_512mb_ati_radeon_x1900xt_msi_1141776838;;;;;;;;;;;;;;;;;;;;;;
https://www.avito.ru/krasnodar/tovary_dlya_kompyutera/videokarta_1838022147;;;;;;;;;;;;;;;;;;;;;;
https://www.avito.ru/krasnodar/tovary_dlya_kompyutera/prodam_dve_videokarty_1844897011;;;;;;;;;;;;;;;;;;;;;;
https://www.avito.ru/krasnodar/tovary_dlya_kompyutera/videokarta_radeon_r9_280x_3gb_1810876513;;;;;;;;;;;;;;;;;;;;;;
https://www.avito.ru/krasnodar/tovary_dlya_kompyutera/videokarta_1847673985;;;;;;;;;;;;;;;;;;;;;;
https://www.avito.ru/krasnodar/tovary_dlya_kompyutera/sapphire_290_1784692991;;;;;;;;;;;;;;;;;;;;;;
https://www.avito.ru/krasnodar/tovary_dlya_kompyutera/videochip_novyy_216-0809000_1829896117;;;;;;;;;;;;;;;;;;;;;;
https://www.avito.ru/krasnodar/tovary_dlya_kompyutera/videokarta_1883888128;;;;;;;;;;;;;;;;;;;;;;
https://www.avito.ru/krasnodar/tovary_dlya_kompyutera/videokarta_1836499446;;;;;;;;;;;;;;;;;;;;;;
https://www.avito.ru/krasnodar/tovary_dlya_kompyutera/materinka_videokarta_ozu_1857138284;;;;;;;;;;;;;;;;;;;;;;
https://www.avito.ru/krasnodar/tovary_dlya_kompyutera/radeon_hd_4730_512mb_ddr5_1839283128;;;;;;;;;;;;;;;;;;;;;;
https://www.avito.ru/krasnodar/tovary_dlya_kompyutera/videokarta_1873117342;;;;;;;;;;;;;;;;;;;;;;
https://www.avito.ru/krasnodar/tovary_dlya_kompyutera/videokarta_1840803145;;;;;;;;;;;;;;;;;;;;;;
https://www.avito.ru/krasnodar/tovary_dlya_kompyutera/r9_280x_3g_1846678716;;;;;;;;;;;;;;;;;;;;;;
https://www.avito.ru/krasnodar/tovary_dlya_kompyutera/videokarta_pci-e_512mb_ati_radeon_x1900_xtx_asus_1801409870;;;;;;;;;;;;;;;;;;;;;;
https://www.avito.ru/krasnodar/tovary_dlya_kompyutera/videokarta_1841283986;;;;;;;;;;;;;;;;;;;;;;
https://www.avito.ru/krasnodar/tovary_dlya_kompyutera/ventilyator_1150670398;;;;;;;;;;;;;;;;;;;;;;
https://www.avito.ru/krasnodar/tovary_dlya_kompyutera/operativnaya_pamyat_vaseky_ddr4_2400_2x8_1676725083;;;;;;;;;;;;;;;;;;;;;;
https://www.avito.ru/krasnodar/tovary_dlya_kompyutera/videokarta_1_gb_1840192040;;;;;;;;;;;;;;;;;;;;;;
https://www.avito.ru/krasnodar/tovary_dlya_kompyutera/videokarta_1835995365;;;;;;;;;;;;;;;;;;;;;;
https://www.avito.ru/krasnodar/tovary_dlya_kompyutera/videokarta_professionalnaya_512mb_1844817292;;;;;;;;;;;;;;;;;;;;;;
https://www.avito.ru/krasnodar/tovary_dlya_kompyutera/videokarta_noutbuka_geforce_1785585018;;;;;;;;;;;;;;;;;;;;;;
https://www.avito.ru/krasnodar/tovary_dlya_kompyutera/videokarta_asus_geforce_210_210-1gd-l_1842532653;;;;;;;;;;;;;;;;;;;;;;
https://www.avito.ru/krasnodar/tovary_dlya_kompyutera/videokarta_msi_radeon_r9_270_gaming_2_gb_1865880601;;;;;;;;;;;;;;;;;;;;;;
https://www.avito.ru/krasnodar/tovary_dlya_kompyutera/gigabyte_kuler_i_ventilyatory_ot_gtx980_1806375386;;;;;;;;;;;;;;;;;;;;;;
https://www.avito.ru/krasnodar/tovary_dlya_kompyutera/gtx_980_ti_1827186181;;;;;;;;;;;;;;;;;;;;;;
https://www.avito.ru/krasnodar/tovary_dlya_kompyutera/videokarta_his_radeon_r9_250_950mhz_ddr5_1048mb_1848998868;;;;;;;;;;;;;;;;;;;;;;
https://www.avito.ru/krasnodar/tovary_dlya_kompyutera/materinskaya_plata_asrock_b450pro4_1856156296;;;;;;;;;;;;;;;;;;;;;;
https://www.avito.ru/krasnodar/tovary_dlya_kompyutera/videokarta_pci_2mb_stealth64_1391055318;;;;;;;;;;;;;;;;;;;;;;
